Highest Charting Position,Number of Times Charted,Song Name,Streams,Artist,Artist Followers,Genre
1,8,Beggin',"48,633,449",Måneskin,3377762,"['indie rock italiano', 'italian pop']"
2,3,STAY (with Justin Bieber),"47,248,719",The Kid LAROI,2230022,['australian hip hop']
1,11,good 4 u,"40,162,559",Olivia Rodrigo,6266514,['pop']
3,5,Bad Habits,"37,799,456",Ed Sheeran,83293380,"['pop', 'uk pop']"
5,1,INDUSTRY BABY (feat. Jack Harlow),"33,948,454",Lil Nas X,5473565,"['lgbtq+ hip hop', 'pop rap']"
1,18,MONTERO (Call Me By Your Name),"30,071,134",Lil Nas X,5473565,"['lgbtq+ hip hop', 'pop rap']"
3,16,Kiss Me More (feat. SZA),"29,356,736",Doja Cat,8640063,"['dance pop', 'pop']"
2,10,Todo De Ti,"26,951,613",Rauw Alejandro,6080597,"['puerto rican pop', 'trap latino']"
3,8,Yonaguni,"25,030,128",Bad Bunny,36142273,"['latin', 'reggaeton', 'trap latino']"
8,10,I WANNA BE YOUR SLAVE,"24,551,591",Måneskin,3377762,"['indie rock italiano', 'italian pop']"
4,43,Levitating (feat. DaBaby),"23,518,010",Dua Lipa,27142474,"['dance pop', 'pop', 'uk pop']"
9,9,Qué Más Pues?,"22,405,111","J Balvin, Maria Becerra",29051363,"['latin', 'reggaeton', 'reggaeton colombiano']"
5,3,Permission to Dance,"22,062,812",BTS,37106176,"['k-pop', 'k-pop boy group']"
1,19,Peaches (feat. Daniel Caesar & Giveon),"20,294,457",Justin Bieber,48504126,"['canadian pop', 'pop', 'post-teen pop']"
2,10,Butter,"19,985,713",BTS,37106176,"['k-pop', 'k-pop boy group']"
7,10,traitor,"19,480,679",Olivia Rodrigo,6266514,['pop']
3,17,deja vu,"18,571,755",Olivia Rodrigo,6266514,['pop']
5,14,Save Your Tears (with Ariana Grande) (Remix),"18,053,141",The Weeknd,35305637,"['canadian contemporary r&b', 'canadian pop', 'pop']"
14,5,AM Remix,"17,617,965","Nio Garcia, J Balvin, Bad Bunny",2123734,"['latin', 'reggaeton', 'trap latino']"
20,7,Need To Know,"16,908,917",Doja Cat,8640063,"['dance pop', 'pop']"
19,3,Volando - Remix,"16,606,925","Mora, Bad Bunny, Sech",151486,"['reggaeton', 'trap latino']"
22,5,Ain't Shit,"16,126,897",Doja Cat,8640063,"['dance pop', 'pop']"
1,29,drivers license,"15,684,978",Olivia Rodrigo,6266514,['pop']
24,31,Heat Waves,"15,089,184",Glass Animals,1890510,"['gauze pop', 'indietronica', 'shiver pop']"
1,83,Blinding Lights,"15,011,809",The Weeknd,35305637,"['canadian contemporary r&b', 'canadian pop', 'pop']"
12,10,happier,"14,849,078",Olivia Rodrigo,6266514,['pop']
27,3,Pepas,"14,809,458",Farruko,10502148,"['latin', 'latin hip hop', 'reggaeton', 'trap latino']"
18,3,Motley Crew,"14,329,162",Post Malone,33651775,"['dfw rap', 'melodic rap', 'rap']"
15,23,Friday (feat. Mufasa & Hypeman) - Dopamine Re-Edit,"14,273,637","Riton, Nightcrawlers",83689,"['dance pop', 'house', 'pop dance', 'tropical house', 'uk dance']"
3,28,Astronaut In The Ocean,"14,174,752",Masked Wolf,365975,['australian hip hop']
5,21,Leave The Door Open,"13,963,568","Bruno Mars, Anderson .Paak, Silk Sonic",32574754,"['dance pop', 'pop', 'post-teen pop']"
32,1,Don't Go Yet,"13,205,250",Camila Cabello,22683756,"['dance pop', 'electropop', 'pop', 'post-teen pop']"
11,10,favorite crime,"12,818,935",Olivia Rodrigo,6266514,['pop']
10,15,Pareja Del Año,"12,572,307","Sebastian Yatra, Myke Towers",16216789,"['colombian pop', 'latin', 'reggaeton', 'reggaeton colombiano']"
4,83,Watermelon Sugar,"11,996,689",Harry Styles,16112621,"['pop', 'post-teen pop']"
36,1,NOT SOBER (feat. Polo G & Stunna Gambino),"11,869,336",The Kid LAROI, , 
3,16,RAPSTAR,"11,683,383",Polo G,4840346,['chicago rap']
15,5,You Right,"11,629,418","Doja Cat, The Weeknd",8640063,"['dance pop', 'pop']"
39,3,911 - Remix,"11,553,846","Sech, Jhay Cortez",8758283,"['latin', 'panamanian pop', 'reggaeton', 'trap latino']"
1,39,DÁKITI,"11,524,288","Bad Bunny, Jhay Cortez",36142273,"['latin', 'reggaeton', 'trap latino']"
41,13,Miénteme,"11,477,024","TINI, Maria Becerra",2936204,"['latin pop', 'pop argentino']"
17,10,"jealousy, jealousy","11,287,301",Olivia Rodrigo,6266514,['pop']
33,6,Poblado - Remix,"11,283,626","J Balvin, KAROL G, Nicky Jam, Crissin, Totoy El Frio, Natan & Shander",29051363,"['latin', 'reggaeton', 'reggaeton colombiano']"
2,49,Dynamite,"11,196,819",BTS,37106176,"['k-pop', 'k-pop boy group']"
9,39,The Business,"10,739,770",Tiësto,5785065,"['big room', 'brostep', 'dance pop', 'dutch edm', 'edm', 'electro house', 'house', 'pop dance', 'slap house', 'trance', 'tropical house']"
46,10,Heartbreak Anthem (with David Guetta & Little Mix),"10,315,460",Galantis,3120157,"['dance pop', 'edm', 'electro house', 'pop', 'pop dance', 'tropical house']"
1,51,Mood (feat. iann dior),"10,222,056",24kGoldn,1274433,['cali rap']
48,3,Entre Nosotros,"10,215,216","Tiago PZK, LIT killah",375865,['trap argentino']
29,6,Fiel - Remix,"10,032,746","Wisin, Jhay Cortez, Anuel AA, Los Legendarios, Myke Towers",6929075,"['latin', 'latin hip hop', 'reggaeton', 'trap latino']"
20,11,Build a Bitch,"9,841,998",Bella Poarch,389076,[]
19,4,"Nicky Jam: Bzrp Music Sessions, Vol. 41","9,799,701","Bizarrap, Nicky Jam",3126961,"['argentine hip hop', 'pop venezolano', 'trap argentino', 'trap latino']"
52,4,Tiroteo - Remix,"9,781,153","Marc Seguí, Rauw Alejandro, Pol Granch",45362,[]
19,3,NDA,"9,635,619",Billie Eilish,47014200,"['electropop', 'pop']"
40,14,Rasputin,"9,600,707","Majestic, Boney M.",32178,"['house', 'pop dance', 'uk dance']"
52,9,Leave Before You Love Me (with Jonas Brothers),"9,428,494",Marshmello,31541310,"['brostep', 'edm', 'pop', 'pop dance', 'progressive electro house']"
56,13,Freaks,"9,319,465",Surf Curse,495226,"['dreamo', 'indie surf', 'surf punk', 'vegas indie']"
57,5,Meu Pedaço de Pecado,"9,206,366",João Gomes,409173,[]
31,12,2/Catorce,"9,086,979","Rauw Alejandro, Mr. Naisgai",6080597,"['puerto rican pop', 'trap latino']"
34,21,Beautiful Mistakes (feat. Megan Thee Stallion),"9,048,966",Maroon 5,32262679,"['pop', 'pop rock']"
31,15,Run,"9,017,356",OneRepublic,12169108,"['dance pop', 'piano rock', 'pop', 'pop rock']"
46,7,Thot Shit,"8,977,336",Megan Thee Stallion,4787261,"['houston rap', 'pop', 'pop rap', 'trap queen']"
26,26,Your Love (9PM),"8,935,418","ATB, Topic, A7S",291777,"['german dance', 'german techno', 'german trance', 'trance']"
9,10,brutal,"8,881,356",Olivia Rodrigo,6266514,['pop']
2,34,Save Your Tears,"8,843,110",The Weeknd,35305637,"['canadian contemporary r&b', 'canadian pop', 'pop']"
8,24,Heartbreak Anniversary,"8,832,945",Giveon,1398563,"['pop', 'r&b']"
2,83,Don't Start Now,"8,821,971",Dua Lipa,1250353,[]
33,7,Dinero,"8,564,775",Trinidad Cardona,116817,[]
35,48,Sweater Weather,"8,564,017",The Neighbourhood,6662605,"['modern alternative rock', 'modern rock', 'pop']"
69,3,Sobrio,"8,514,480",Maluma,26769304,"['latin', 'reggaeton', 'reggaeton colombiano']"
12,83,Someone You Loved,"8,490,162",Lewis Capaldi,8384096,"['pop', 'uk pop']"
71,1,Over The Top (feat. Drake),"8,269,753",Smiley,26131,"['canadian hip hop', 'toronto rap']"
72,2,2055,"8,133,401",Sleepy Hallow,408696,"['brooklyn drill', 'nyc rap']"
33,18,EL MAKINON,"8,102,107","KAROL G, Mariah Angeliq",17775316,"['latin', 'reggaeton', 'reggaeton colombiano']"
74,8,Loco,"8,093,413","Justin Quiles, Chimbala, Zion & Lennox",2895789,"['latin', 'reggaeton', 'trap latino']"
75,4,Love Tonight - Edit,"8,006,336",Shouse,27116,['aussietronica']
12,11,ZITTI E BUONI,"7,975,148",Måneskin,3377762,"['indie rock italiano', 'italian pop']"
2,23,telepatía,"7,912,399",Kali Uchis,1999954,"['colombian pop', 'pop']"
9,14,Botella Tras Botella,"7,735,223","Gera MX, Christian Nodal",2043294,"['mexican hip hop', 'rap conciencia']"
7,24,Fiel,"7,717,211","Los Legendarios, Wisin, Jhay Cortez",31488,"['reggaeton', 'trap latino']"
1,83,Dance Monkey,"7,687,058",Tones And I,2819593,"['australian pop', 'pop']"
7,34,WITHOUT YOU,"7,642,130",The Kid LAROI,2230022,['australian hip hop']
6,21,Wants and Needs (feat. Lil Baby),"7,637,626",Drake,56308172,"['canadian hip hop', 'canadian pop', 'hip hop', 'pop rap', 'rap', 'toronto rap']"
83,2,Bezos I,"7,516,291",Bo Burnham,1042079,['comic']
76,3,Love Again,"7,465,445",Dua Lipa,1250353,[]
32,28,Goosebumps - Remix,"7,452,633","Travis Scott, HVME",17719446,"['rap', 'slap house']"
11,55,Head & Heart (feat. MNEK),"7,434,252",Joel Corry,207547,"['dance pop', 'edm', 'pop', 'pop dance', 'tropical house', 'uk dance']"
42,20,BED,"7,383,369","Joel Corry, RAYE, David Guetta",207547,"['dance pop', 'edm', 'pop', 'pop dance', 'tropical house', 'uk dance']"
78,8,Iko Iko (My Bestie),"7,381,585","Justin Wellington, Small Jam",18228,"['melanesian pop', 'pacific islands pop', 'png pop']"
89,1,Better Believe,"7,365,053","Belly, The Weeknd, Young Thug",203972,"['canadian hip hop', 'canadian trap', 'pop rap', 'rap', 'southern hip hop', 'trap', 'trap soul', 'underground hip hop']"
23,25,Arcade,"7,353,795",Duncan Laurence,287361,['dutch pop']
55,13,512,"7,336,542","Mora, Jhay Cortez",151486,"['reggaeton', 'trap latino']"
1,40,positions,"7,244,853",Ariana Grande,67158068,"['dance pop', 'pop', 'post-teen pop']"
6,84,Circles,"7,156,162",Post Malone,33651775,"['dfw rap', 'melodic rap', 'rap']"
94,1,Blaues Licht,"7,084,292","RAF Camora, Bonez MC",1329531,['german hip hop']
75,10,Ram Pam Pam,"7,064,003","Natti Natasha, Becky G",6341942,"['latin', 'latin pop', 'rap latina', 'reggaeton', 'trap latino']"
96,4,In Da Getto,"6,984,262","J Balvin, Skrillex",1250353,[]
97,3,Woman,"6,858,466",Doja Cat,8640063,"['dance pop', 'pop']"
60,8,t r a n s p a r e n t s o u l feat. Travis Barker,"6,853,994",WILLOW,1521837,"['afrofuturism', 'dance pop', 'electropop', 'pop', 'pop rap', 'post-teen pop']"
99,2,Clash (feat. Stormzy),"6,825,463",Dave,1427540,['uk hip hop']
22,83,Before You Go,"6,813,800",Lewis Capaldi,8384096,"['pop', 'uk pop']"
52,19,Levitating,"6,799,831",Dua Lipa,27142474,"['dance pop', 'pop', 'uk pop']"
85,5,Reckless,"6,711,375",Madison Beer,3363988,"['alt z', 'dance pop', 'electropop', 'pop', 'post-teen pop']"
103,5,"No Me Conocen (Remix) [con DUKI, Rei & Tiago PZK]","6,709,106",BANDIDO,16074,[]
88,83,Believer,"6,699,895",Imagine Dragons,35285425,"['modern rock', 'pop', 'rock']"
2,48,"Lemonade (feat. Gunna, Don Toliver & NAV)","6,697,067",Internet Money,411579,"['pop rap', 'rap', 'trap']"
45,19,Talking to the Moon,"6,660,319",Bruno Mars,32574754,"['dance pop', 'pop', 'post-teen pop']"
3,83,Roses - Imanbek Remix,"6,653,690",SAINt JHN,742692,"['melodic rap', 'pop rap', 'rap', 'slap house', 'trap']"
59,11,Sal y Perrea,"6,635,076",Sech,8758283,"['latin', 'panamanian pop', 'reggaeton', 'trap latino']"
109,3,Fulanito,"6,614,072","Becky G, El Alfa",10356559,"['dance pop', 'latin', 'latin pop', 'latin viral pop', 'pop', 'rap latina', 'reggaeton', 'trap latino']"
110,1,París,"6,584,896",Ingratax,56699,[]
46,83,lovely (with Khalid),"6,569,547",Billie Eilish,47014200,"['electropop', 'pop']"
24,83,Sunflower - Spider-Man: Into the Spider-Verse,"6,546,948","Post Malone, Swae Lee",1250353,[]
113,3,double take,"6,539,852",dhruv,73211,"['chill r&b', 'nyc pop']"
9,29,Streets,"6,502,302",Doja Cat,8640063,"['dance pop', 'pop']"
80,8,By Your Side (feat. Tom Grennan),"6,488,622",Calvin Harris,21942793,"['dance pop', 'edm', 'electro house', 'house', 'pop', 'progressive house', 'uk dance']"
116,3,MORENA,"6,469,500",Luan Santana,5420471,"['sertanejo', 'sertanejo pop', 'sertanejo universitario']"
80,80,Shape of You,"6,452,492",Ed Sheeran,83293380,"['pop', 'uk pop']"
9,83,Señorita,"6,317,487","Shawn Mendes, Camila Cabello",33879560,"['canadian pop', 'dance pop', 'pop', 'post-teen pop', 'viral pop']"
5,21,Hold On,"6,300,416",Justin Bieber,1250353,[]
99,83,Perfect,"6,278,765",Ed Sheeran,83293380,"['pop', 'uk pop']"
80,5,2:50 Remix,"6,244,011","MYA, TINI, Duki",282045,['latin pop']
2,35,LA NOCHE DE ANOCHE,"6,242,863","Bad Bunny, ROSALÍA",36142273,"['latin', 'reggaeton', 'trap latino']"
1,67,ROCKSTAR (feat. Roddy Ricch),"6,180,056",DaBaby,7593046,"['north carolina hip hop', 'rap']"
12,53,Heather,"6,164,795",Conan Gray,3794081,"['alt z', 'bedroom pop', 'electropop', 'indie pop', 'pop', 'post-teen pop']"
13,55,you broke me first,"6,152,121",Tate McRae,1647262,"['alt z', 'dance pop', 'pop', 'post-teen pop']"
126,18,The Nights,"6,136,340",Avicii,20270895,"['dance pop', 'edm', 'pop', 'pop dance']"
122,37,Riptide,"6,089,242",Vance Joy,2421254,"['folk-pop', 'modern rock', 'pop', 'pop rock']"
128,30,Smells Like Teen Spirit,"6,065,267",Nirvana,13261089,"['grunge', 'permanent wave', 'rock']"
11,10,enough for you,"6,040,918",Olivia Rodrigo,6266514,['pop']
99,42,Daddy Issues,"6,014,443",The Neighbourhood,6662605,"['modern alternative rock', 'modern rock', 'pop']"
131,3,Aquelas Coisas,"6,012,839",João Gomes,409173,[]
19,12,Miss The Rage (feat. Playboi Carti),"5,952,490",Trippie Redd,6430522,"['melodic rap', 'rap', 'trap']"
4,83,Memories,"5,928,329",Maroon 5,32262679,"['pop', 'pop rock']"
76,16,Another Love,"5,914,661",Tom Odell,1838616,['pop']
135,4,Here's Your Perfect,"5,912,784",Jamie Miller,64288,['pop soul']
108,37,Take Me To Church,"5,907,750",Hozier,4781906,"['irish singer-songwriter', 'modern rock', 'pop']"
110,13,Little Bit of Love,"5,848,466",Tom Grennan,261225,"['modern rock', 'uk pop']"
138,4,Ficha Limpa,"5,847,975",Gusttavo Lima,12969190,"['sertanejo', 'sertanejo universitario']"
14,25,Up,"5,845,156",Cardi B,17353707,"['dance pop', 'pop', 'pop rap', 'rap']"
2,52,Hawái,"5,769,714",Maluma,26769304,"['latin', 'reggaeton', 'reggaeton colombiano']"
141,1,New Normal,"5,768,653",Khalid,14187747,['pop']
81,81,Bohemian Rhapsody - Remastered 2011,"5,756,583",Queen,35888760,"['classic rock', 'glam rock', 'rock']"
5,32,Bandido,"5,734,402","Myke Towers, Juhn",6150675,['trap latino']
25,39,Paradise (feat. Dermot Kennedy),"5,693,848",MEDUZA,441674,"['dance pop', 'edm', 'pop dance', 'pop house', 'tropical house']"
13,83,goosebumps,"5,691,540",Travis Scott,17719446,"['rap', 'slap house']"
90,18,Wasted Love (feat. Lagique),"5,690,260",Ofenbach,432581,"['edm', 'new french touch', 'pop dance', 'tropical house']"
100,2,KESI - Remix,"5,682,062","Camilo, Shawn Mendes",10561047,"['colombian pop', 'reggaeton colombiano']"
59,83,Shallow,"5,672,480","Lady Gaga, Bradley Cooper",18572085,"['dance pop', 'pop', 'post-teen pop']"
110,9,Tell Em,"5,668,576","Cochise, $NOT",159647,"['plugg', 'vapor trap', 'viral rap']"
103,5,"Não, Não Vou","5,652,272",Mari Fernandez,15889,[]
147,24,Counting Stars,"5,647,568",OneRepublic,12169108,"['dance pop', 'piano rock', 'pop', 'pop rock']"
121,32,Yellow,"5,628,703",Coldplay,31151294,"['permanent wave', 'pop']"
153,1,Como Si No Importara,"5,627,257","Emilia, Duki",205590,[]
154,1,Se For Amor,"5,618,268","João Gomes, Vitor Fernandes",409173,[]
142,23,Wake Me Up,"5,607,285",Avicii,20270895,"['dance pop', 'edm', 'pop', 'pop dance']"
128,7,Baby Me Atende,"5,594,505","Matheus Fernandes, Dilsinho",77034,"['forro', 'sertanejo pop']"
68,6,Ramenez la coupe à la maison,"5,576,844",Vegedream,1250353,[]
6,47,What You Know Bout Love,"5,570,735",Pop Smoke,6837946,['brooklyn drill']
19,18,Runaway,"5,566,150",AURORA,1687399,"['art pop', 'norwegian pop']"
121,5,Red Light Green Light,"5,493,760",DaBaby,7593046,"['north carolina hip hop', 'rap']"
120,5,Ball If I Want To,"5,478,055",DaBaby,7593046,"['north carolina hip hop', 'rap']"
31,83,Lucid Dreams,"5,477,563",Juice WRLD,19085118,"['chicago rap', 'melodic rap']"
4,24,Calling My Phone,"5,467,753","Lil Tjay, 6LACK",3553442,"['brooklyn drill', 'melodic rap', 'nyc rap']"
5,39,34+35,"5,453,159",Ariana Grande, , 
13,83,bad guy,"5,436,286",Billie Eilish,1250353,[]
59,18,Cover Me In Sunshine,"5,434,073","P!nk, Willow Sage Hart",11477164,"['dance pop', 'pop', 'post-teen pop']"
7,56,For The Night (feat. Lil Baby & DaBaby),"5,431,375",Pop Smoke,6837946,['brooklyn drill']
13,10,"1 step forward, 3 steps back","5,420,003",Olivia Rodrigo,6266514,['pop']
1,51,WAP (feat. Megan Thee Stallion),"5,386,268",Cardi B,17353707,"['dance pop', 'pop', 'pop rap', 'rap']"
155,22,Mr. Brightside,"5,382,191",The Killers,6118063,"['dance rock', 'modern rock', 'permanent wave', 'rock']"
144,27,Every Breath You Take,"5,379,704",The Police,4339245,"['album rock', 'art rock', 'classic rock', 'mellow gold', 'new wave', 'permanent wave', 'rock', 'soft rock']"
20,44,Dreams - 2004 Remaster,"5,378,971",Fleetwood Mac,6930669,"['album rock', 'classic rock', 'mellow gold', 'rock', 'soft rock', 'yacht rock']"
94,82,Say You Won't Let Go,"5,375,426",James Arthur,8441598,"['pop', 'post-teen pop', 'talent show', 'uk pop']"
110,2,Wild Side (feat. Cardi B),"5,366,242",Normani,1304510,"['dance pop', 'pop', 'pop rap', 'post-teen pop', 'r&b', 'urban contemporary']"
65,2,Bout A Million (feat. 42 Dugg & 21 Savage),"5,315,734",Pop Smoke,6837946,['brooklyn drill']
72,2,Demeanor (feat. Dua Lipa),"5,245,618",Pop Smoke,6837946,['brooklyn drill']
4,76,death bed (coffee for your head),"5,238,547","Powfu, beabadoobee",924083,['sad rap']
100,9,Our Song,"5,235,335","Anne-Marie, Niall Horan",8148393,"['dance pop', 'pop', 'pop dance', 'post-teen pop', 'tropical house', 'uk pop']"
138,22,Another One Bites The Dust - Remastered 2011,"5,204,983",Queen,35888760,"['classic rock', 'glam rock', 'rock']"
149,14,One Dance,"5,178,490","Drake, WizKid, Kyla",56308172,"['canadian hip hop', 'canadian pop', 'hip hop', 'pop rap', 'rap', 'toronto rap']"
15,83,Adore You,"5,166,847",Harry Styles,16112621,"['pop', 'post-teen pop']"
181,4,As the World Caves In,"5,145,493",Sarah Cothran,180723,[]
183,1,Fancy Like,"5,145,432",Walker Hayes,304995,"['contemporary country', 'country', 'country road', 'modern country rock']"
184,1,Cúrame,"5,104,206",Rauw Alejandro,6080597,"['puerto rican pop', 'trap latino']"
110,78,All of Me,"5,103,014",John Legend,5799137,"['neo soul', 'pop', 'pop soul', 'r&b', 'urban contemporary']"
80,41,Martin & Gina,"5,098,609",Polo G,4840346,['chicago rap']
40,65,Dior,"5,092,354",Pop Smoke,6837946,['brooklyn drill']
45,29,Best Friend (feat. Doja Cat),"5,090,062",Saweetie,1254432,"['cali rap', 'dance pop', 'pop', 'pop rap', 'trap queen']"
52,22,The Hills,"5,068,864",The Weeknd,35305637,"['canadian contemporary r&b', 'canadian pop', 'pop']"
5,31,Good Days,"5,065,132",SZA,5881963,"['pop', 'pop rap', 'r&b']"
191,1,Kiss My (Uh Oh),"5,063,181","Anne-Marie, Little Mix",8148393,"['dance pop', 'pop', 'pop dance', 'post-teen pop', 'tropical house', 'uk pop']"
64,3,De Museo,"5,016,125",Bad Bunny,36142273,"['latin', 'reggaeton', 'trap latino']"
41,81,7 rings,"5,002,227",Ariana Grande,67158068,"['dance pop', 'pop', 'post-teen pop']"
194,1,Chosen (feat. Ty Dolla $ign),"4,992,405","Blxst, Tyga",167628,[]
149,5,Não Nasceu pra Namorar,"4,978,559","MC Zaquin, MC Rick",130627,"['funk bh', 'funk carioca']"
8,71,Breaking Me,"4,977,498","Topic, A7S",151832,"['dance pop', 'edm', 'german dance', 'pop dance', 'pop edm', 'tropical house']"
197,1,penhasco.,"4,973,937",Luísa Sonza,1909059,"['funk carioca', 'pop nacional']"
58,8,Late At Night,"4,954,899",Roddy Ricch,6603627,"['melodic rap', 'rap', 'trap']"
199,1,Verdansk,"4,950,275",Dave,1427540,['uk hip hop']
172,12,The Real Slim Shady,"4,948,965",Eminem,46785561,"['detroit hip hop', 'hip hop', 'rap']"
66,1,Tell The Vision (feat. Kanye West & Pusha T),"8,859,168",Pop Smoke,6837946,['brooklyn drill']
87,1,Woo Baby (feat. Chris Brown),"7,371,935",Pop Smoke,6837946,['brooklyn drill']
116,1,Holy Smokes,"6,464,206","Trippie Redd, Lil Uzi Vert",6430522,"['melodic rap', 'rap', 'trap']"
127,1,More Time,"6,238,351",Pop Smoke,6837946,['brooklyn drill']
129,1,Coupe,"6,161,664",Pop Smoke,6837946,['brooklyn drill']
76,4,Holiday,"5,883,145",KSI,2008516,['uk hip hop']
150,1,Manslaughter (feat. Rick Ross & The-Dream),"5,822,266",Pop Smoke,6837946,['brooklyn drill']
159,1,Genius (feat. Lil Tjay & Swae Lee),"5,702,636",Pop Smoke,6837946,['brooklyn drill']
22,4,WUSYANAME (feat. Youngboy Never Broke Again & Ty Dolla $ign),"5,696,113","Tyler, The Creator",6777818,"['hip hop', 'rap']"
105,4,Sommergewitter,"5,627,519",Pashanim,208554,"['german alternative rap', 'german drill', 'german hip hop', 'german trap']"
17,12,"Body (Remix) [feat. ArrDee, E1 (3x3), ZT (3x3), Bugzy Malone, Buni, Fivio Foreign & Darkoo]","5,383,125","Tion Wayne, Russ Millions",323203,['london rap']
180,1,Brush Em (feat. Rah Swish),"5,335,271",Pop Smoke,6837946,['brooklyn drill']
13,15,AM,"5,288,927","Nio Garcia, Flow La Movie",2123734,"['latin', 'reggaeton', 'trap latino']"
175,4,MI FAI IMPAZZIRE,"5,242,097","BLANCO, Sfera Ebbasta",127364,"['italian hip hop', 'italian pop']"
20,82,Ride It,"5,235,088",Regard,152226,"['dance pop', 'edm', 'pop dance', 'pop edm', 'slap house', 'tropical house']"
15,7,Lost Cause,"5,203,319",Billie Eilish,1250353,[]
193,1,Shot in the Dark,"5,173,308",John Mayer,5178156,"['neo mellow', 'pop rock', 'singer-songwriter']"
71,3,Wrecked,"5,150,909",Imagine Dragons,35285425,"['modern rock', 'pop', 'rock']"
79,11,Bipolar,"5,116,589","Mc Davi, Mc Pedrinho, Mc Don Juan",2586114,"['funk carioca', 'funk ostentacao', 'funk paulista']"
122,5,"His & Hers (feat. Don Toliver, Lil Uzi Vert & Gunna)","5,110,475",Internet Money,411579,"['pop rap', 'rap', 'trap']"
75,19,Follow You,"5,097,187",Imagine Dragons,35285425,"['modern rock', 'pop', 'rock']"
22,22,We're Good,"6,318,660",Dua Lipa,27142474,"['dance pop', 'pop', 'uk pop']"
4,29,Life Goes On,"6,142,975",BTS,37106176,"['k-pop', 'k-pop boy group']"
28,23,911,"6,111,108",Sech,8758283,"['latin', 'panamanian pop', 'reggaeton', 'trap latino']"
17,24,Baila Conmigo (with Rauw Alejandro),"5,588,217",Selena Gomez,28909504,"['dance pop', 'pop', 'post-teen pop']"
164,1,The Jackie (with J. Cole & Lil Tjay),"5,454,994",Bas,386757,"['hip hop', 'pop rap', 'queens hip hop', 'rap', 'sudanese pop', 'underground hip hop']"
22,8,hope ur ok,"5,435,614",Olivia Rodrigo,6266514,['pop']
169,2,Faz Amor Comigo Só Hoje - Ao Vivo,"5,269,757","Israel & Rodolffo, Wesley Safadão",1097789,"['sertanejo', 'sertanejo pop', 'sertanejo universitario']"
80,5,Alcohol-Free,"5,259,503",TWICE,9987114,"['k-pop', 'k-pop girl group']"
184,1,WHOLE LOTTA MONEY (feat. Nicki Minaj) - Remix,"5,186,354",BIA,151870,"['escape room', 'r&b', 'rap latina', 'trap queen']"
187,1,Memory,"5,173,178","Kane Brown, blackbear",3507622,"['contemporary country', 'country road']"
183,4,Me Fije,"5,068,677","Alex Rose, Rauw Alejandro",2166191,"['latin', 'reggaeton', 'reggaeton flow', 'trap latino']"
71,13,"Volta Bebê, Volta Neném","5,041,120","Dj Guuga, DJ Ivis",608109,"['funk carioca', 'funk paulista', 'rave funk']"
95,13,Aloha,"5,036,030","Maluma, Beéle, Rauw Alejandro, Mambo Kingz, DJ Luian, Darell",26769304,"['latin', 'reggaeton', 'reggaeton colombiano']"
184,2,Sexo Virtual,"4,975,786",Rauw Alejandro,6080597,"['puerto rican pop', 'trap latino']"
141,32,Closer,"4,954,679","The Chainsmokers, Halsey",18191658,"['dance pop', 'edm', 'electropop', 'pop', 'pop dance', 'tropical house']"
194,4,Wonderwall - Remastered,"4,938,180",Oasis,6475631,"['beatlesque', 'britpop', 'madchester', 'permanent wave', 'rock']"
101,1,Wasting Time ( feat. Drake ),"6,731,106",Brent Faiyaz,1724414,"['dmv rap', 'pop', 'r&b', 'rap']"
55,2,I Don't Do Drugs (feat. Ariana Grande),"5,912,293",Doja Cat,8640063,"['dance pop', 'pop']"
132,1,Renegade (feat. Taylor Swift),"5,876,058",Big Red Machine,98503,"['eau claire indie', 'folktronica']"
40,2,JUGGERNAUT (feat. Lil Uzi Vert & Pharrell Williams),"5,392,334","Tyler, The Creator",6777818,"['hip hop', 'rap']"
152,2,All Eyes On Me,"5,347,263",Bo Burnham,1042079,['comic']
101,3,EVERY CHANCE I GET (feat. Lil Baby & Lil Durk),"5,321,544",DJ Khaled,6278835,"['hip hop', 'miami hip hop', 'pop rap', 'rap', 'southern hip hop', 'trap']"
72,10,Dick (feat. Doja Cat),"5,258,628",StarBoi3,17202,[]
25,4,Solar Power,"5,234,112",Lorde,8083566,"['art pop', 'dance pop', 'electropop', 'metropopolis', 'nz pop', 'pop', 'post-teen pop']"
4,10,Your Power,"5,135,380",Billie Eilish,47014200,"['electropop', 'pop']"
189,1,Lieben wir,"5,029,898",Shirin David,558345,"['frauenrap', 'german hip hop', 'german pop']"
8,37,Whoopty,"5,013,017",CJ,180454,['nyc rap']
55,17,Batom de Cereja - Ao Vivo,"5,011,753",Israel & Rodolffo,1097789,"['sertanejo', 'sertanejo pop', 'sertanejo universitario']"
11,33,Prisoner (feat. Dua Lipa),"5,005,018",Miley Cyrus,15770302,"['dance pop', 'pop', 'post-teen pop']"
136,15,Stereo Hearts (feat. Adam Levine),"4,992,345",Gym Class Heroes,1275345,"['dance pop', 'pop rap']"
32,36,Reloj,"4,980,155","Rauw Alejandro, Anuel AA",6080597,"['puerto rican pop', 'trap latino']"
81,8,malibu,"4,973,063",sangiovanni,384097,[]
101,4,"Eladio Carrion: Bzrp Music Sessions, Vol. 40","4,965,913","Bizarrap, Eladio Carrion",3126961,"['argentine hip hop', 'pop venezolano', 'trap argentino', 'trap latino']"
117,27,Do I Wanna Know?,"4,938,586",Arctic Monkeys,12369079,"['garage rock', 'permanent wave', 'rock', 'sheffield indie']"
43,2,LUMBERJACK,"11,756,283","Tyler, The Creator",6777818,"['hip hop', 'rap']"
47,1,LEMONHEAD (feat. 42 Dugg),"11,380,679","Tyler, The Creator",6777818,"['hip hop', 'rap']"
59,1,HOT WIND BLOWS (feat. Lil Wayne),"9,889,197","Tyler, The Creator",6777818,"['hip hop', 'rap']"
63,1,CORSO,"9,503,981","Tyler, The Creator",6777818,"['hip hop', 'rap']"
69,1,SWEET / I THOUGHT YOU WANTED TO DANCE (feat. Brent Faiyaz & Fana Hues),"9,142,721","Tyler, The Creator",6777818,"['hip hop', 'rap']"
73,1,SIR BAUDELAIRE (feat. DJ Drama),"8,884,283","Tyler, The Creator",6777818,"['hip hop', 'rap']"
82,1,MASSA,"8,218,423","Tyler, The Creator",6777818,"['hip hop', 'rap']"
85,1,RUNITUP (feat. Teezo Touchdown),"7,917,707","Tyler, The Creator",6777818,"['hip hop', 'rap']"
108,1,MANIFESTO (feat. Domo Genesis),"6,988,886","Tyler, The Creator",6777818,"['hip hop', 'rap']"
121,1,Get Into It (Yuh),"6,503,281",Doja Cat,8640063,"['dance pop', 'pop']"
132,1,WILSHIRE,"6,268,542","Tyler, The Creator",6777818,"['hip hop', 'rap']"
141,1,RISE! (feat. DAISY WORLD),"6,034,281","Tyler, The Creator",6777818,"['hip hop', 'rap']"
165,1,Naked,"5,527,865",Doja Cat,8640063,"['dance pop', 'pop']"
50,3,Having Our Way (feat. Drake),"5,424,579",Migos,11690201,"['atl hip hop', 'pop rap', 'rap', 'trap']"
176,1,Payday (feat. Young Thug),"5,393,789",Doja Cat,8640063,"['dance pop', 'pop']"
179,1,Been Like This,"5,362,817",Doja Cat,8640063,"['dance pop', 'pop']"
138,3,MILLE (feat. Orietta Berti),"5,341,887","Fedez, Achille Lauro",1650683,"['italian adult pop', 'italian pop']"
10,49,UN DIA (ONE DAY) (Feat. Tainy),"5,203,364","J Balvin, Dua Lipa, Bad Bunny",29051363,"['latin', 'reggaeton', 'reggaeton colombiano']"
1,55,Savage Love (Laxed - Siren Beat),"5,108,950","Jawsh 685, Jason Derulo",100604,['nz pop']
59,6,Poblado,"6,893,939","Crissin, Totoy El Frio, Natan & Shander",29051363,"['latin', 'reggaeton', 'reggaeton colombiano']"
17,30,Hecha Pa' Mi,"6,308,369",Boza,278679,['reggaeton']
146,1,working,"5,666,770","Tate McRae, Khalid",1647262,"['alt z', 'dance pop', 'pop', 'post-teen pop']"
112,3,Petrouchka (feat. PLK),"5,511,544",Soso Maness,289437,"['francoton', 'french hip hop', 'pop urbaine', 'rap francais', 'rap marseille']"
11,6,p r i d e . i s . t h e . d e v i l (with Lil Baby),"5,430,260",J. Cole,14097410,"['conscious hip hop', 'hip hop', 'north carolina hip hop', 'rap']"
6,6,m y . l i f e (with 21 Savage & Morray),"5,246,577",J. Cole,14097410,"['conscious hip hop', 'hip hop', 'north carolina hip hop', 'rap']"
96,77,Jocelyn Flores,"5,220,422",XXXTENTACION,29539807,"['emo rap', 'miami hip hop']"
66,2,No Return (with The Kid LAROI & Lil Durk),"5,189,427",Polo G,4840346,['chicago rap']
1,78,The Box,"5,145,099",Roddy Ricch,6603627,"['melodic rap', 'rap', 'trap']"
31,19,Wellerman - Sea Shanty / 220 KID x Billen Ted Remix,"5,124,606",Nathan Evans,140812,[]
170,13,Can't Hold Us - feat. Ray Dalton,"5,085,147",Macklemore & Ryan Lewis,2562082,"['modern rock', 'pop rap', 'seattle hip hop']"
6,26,Anyone,"5,079,587",Justin Bieber,1250353,[]
39,45,my ex's best friend (with blackbear),"5,048,079",Machine Gun Kelly,3864419,"['ohio hip hop', 'pop rap']"
133,20,Just the Way You Are,"5,043,647",Bruno Mars,32574754,"['dance pop', 'pop', 'post-teen pop']"
17,78,HIGHEST IN THE ROOM,"4,975,720",Travis Scott,17719446,"['rap', 'slap house']"
7,65,Break My Heart,"4,971,176",Dua Lipa,27142474,"['dance pop', 'pop', 'uk pop']"
2,44,Laugh Now Cry Later (feat. Lil Durk),"4,916,860",Drake,56308172,"['canadian hip hop', 'canadian pop', 'hip hop', 'pop rap', 'rap', 'toronto rap']"
175,2,We Are The People (feat. Bono & The Edge) - Official UEFA EURO 2020 Song,"4,912,036",Martin Garrix,14917926,"['dance pop', 'dutch edm', 'edm', 'pop', 'pop dance', 'progressive house', 'tropical house']"
23,19,Ella No Es Tuya - Remix,"4,911,162","Rochy RD, Myke Towers, Nicki Nicole",319192,"['dembow', 'dominican pop', 'rap dominicano', 'trap latino']"
176,6,In the End,"4,910,070",Linkin Park,19584111,"['alternative metal', 'nu metal', 'post-grunge', 'rap metal']"
119,6,No Role Modelz,"4,904,401",J. Cole,14097410,"['conscious hip hop', 'hip hop', 'north carolina hip hop', 'rap']"
7,74,SICKO MODE,"4,898,977",Travis Scott,17719446,"['rap', 'slap house']"
161,41,Something Just Like This,"4,862,683","The Chainsmokers, Coldplay",18191658,"['dance pop', 'edm', 'electropop', 'pop', 'pop dance', 'tropical house']"
84,9,You,"4,846,549","Regard, Troye Sivan, Tate McRae",152226,"['dance pop', 'edm', 'pop dance', 'pop edm', 'slap house', 'tropical house']"
84,3,Straightenin,"7,615,531",Migos,11690201,"['atl hip hop', 'pop rap', 'rap', 'trap']"
71,4,GANG GANG (with Lil Wayne),"7,506,580",Polo G,4840346,['chicago rap']
106,1,Black Hearted,"6,989,528",Polo G,4840346,['chicago rap']
124,1,Lost,"6,410,263",Maroon 5,32262679,"['pop', 'pop rock']"
128,1,Avalanche,"6,323,268",Migos,11690201,"['atl hip hop', 'pop rap', 'rap', 'trap']"
59,18,My Head & My Heart,"5,470,147",Ava Max,3911473,"['dance pop', 'pop']"
166,1,Malibu (feat. Polo G),"5,456,648",Migos,11690201,"['atl hip hop', 'pop rap', 'rap', 'trap']"
36,26,GIRL LIKE ME,"5,395,181","Black Eyed Peas, Shakira",5963840,"['dance pop', 'pop', 'pop rap']"
179,1,Clueless (with Pop Smoke & Fivio Foreign),"5,335,308",Polo G,4840346,['chicago rap']
181,1,Modern Day,"5,322,745",Migos,11690201,"['atl hip hop', 'pop rap', 'rap', 'trap']"
2,31,Therefore I Am,"5,265,630",Billie Eilish,1250353,[]
12,29,TE MUDASTE,"5,242,347",Bad Bunny,36142273,"['latin', 'reggaeton', 'trap latino']"
108,6,Tipo Gin - Ao Vivo,"5,155,238",MC Kevin o Chris,2753929,"['funk 150 bpm', 'funk carioca']"
39,6,Higher Power,"5,142,982",Coldplay,1250353,[]
54,4,SUN GOES DOWN,"5,125,477",Lil Nas X,5473565,"['lgbtq+ hip hop', 'pop rap']"
195,1,Painting Pictures,"5,119,845",Polo G,4840346,['chicago rap']
1,55,Rain On Me (with Ariana Grande),"5,041,656",Lady Gaga,18572085,"['dance pop', 'pop', 'post-teen pop']"
97,1,Hats Off (feat. Travis Scott),"7,324,233","Lil Baby, Lil Durk",7805880,"['atl hip hop', 'atl trap', 'rap', 'trap']"
117,1,Last Train Home,"6,439,718",John Mayer,5178156,"['neo mellow', 'pop rock', 'singer-songwriter']"
126,1,Voice of the Heroes,"6,249,801","Lil Baby, Lil Durk",7805880,"['atl hip hop', 'atl trap', 'rap', 'trap']"
134,1,0X1=LOVESONG (I Know I Love you),"6,040,553","TOMORROW X TOGETHER, Seori",4136553,"['k-pop', 'k-pop boy group']"
10,4,a m a r i,"5,645,966",J. Cole,14097410,"['conscious hip hop', 'hip hop', 'north carolina hip hop', 'rap']"
72,5,NEVER LEFT,"5,552,212",Lil Tecca,4016497,"['melodic rap', 'rap', 'trap']"
27,8,Solid (feat. Drake),"5,347,781","Young Stoner Life, Young Thug, Gunna",61930,"['rap', 'trap']"
21,35,La Nota,"5,300,884","Manuel Turizo, Rauw Alejandro, Myke Towers",7904381,"['colombian pop', 'latin', 'reggaeton', 'reggaeton colombiano', 'trap latino']"
47,32,Golden,"5,298,893",Harry Styles,16112621,"['pop', 'post-teen pop']"
127,2,CORALINE,"5,241,813",Måneskin,3377762,"['indie rock italiano', 'italian pop']"
3,33,BICHOTA,"5,201,714",KAROL G,1250353,[]
96,10,Slumber Party (feat. Princess Nokia),"5,113,574",Ashnikko,1246335,"['electropop', 'escape room', 'pop']"
170,1,Killer (feat. Jack Harlow & Cordae) - Remix,"5,404,939",Eminem,46785561,"['detroit hip hop', 'hip hop', 'rap']"
105,7,Liberdade (Quando o Grave Bate Forte),"5,378,350","Alok, Mc Don Juan, Dj GBR",10334543,"['electro house', 'pop nacional', 'slap house']"
108,51,All Girls Are The Same,"5,372,180",Juice WRLD,19085118,"['chicago rap', 'melodic rap']"
175,1,734,"5,368,759",Juice WRLD,19085118,"['chicago rap', 'melodic rap']"
85,16,Boy With Luv (feat. Halsey),"5,266,625",BTS,37106176,"['k-pop', 'k-pop boy group']"
82,10,Disco Arranhado - Funk Remix,"5,207,186","Malu, DJ Lucas Beat",74814,[]
4,70,Godzilla (feat. Juice WRLD),"5,143,522",Eminem,46785561,"['detroit hip hop', 'hip hop', 'rap']"
8,68,Blueberry Faygo,"5,085,511",Lil Mosey,3816446,"['melodic rap', 'rap', 'rap conscient', 'trap', 'vapor trap']"
129,14,Somebody That I Used To Know,"5,068,972","Gotye, Kimbra",2263960,['australian pop']
4,37,Holy (feat. Chance The Rapper),"5,063,015",Justin Bieber,48504126,"['canadian pop', 'pop', 'post-teen pop']"
200,1,Vida Louca,"5,051,514","Mc Poze do Rodo, Neo Beats, Mainstreet",448447,"['funk carioca', 'funk ostentacao']"
15,3,i n t e r l u d e,"7,880,155",J. Cole,14097410,"['conscious hip hop', 'hip hop', 'north carolina hip hop', 'rap']"
95,1,Butter (Instrumental),"7,450,126",BTS,37106176,"['k-pop', 'k-pop boy group']"
25,5,Film out,"7,198,095",BTS,37106176,"['k-pop', 'k-pop boy group']"
106,1,Voilà,"6,935,400",Barbara Pravi,75496,"['eurovision', 'nouvelle chanson francaise']"
53,5,Shy Away,"6,634,722",Twenty One Pilots,20823062,"['modern rock', 'rock']"
118,1,Saturday,"6,628,638",Twenty One Pilots,20823062,"['modern rock', 'rock']"
18,2,9 5 . s o u t h,"6,333,126",J. Cole,14097410,"['conscious hip hop', 'hip hop', 'north carolina hip hop', 'rap']"
67,2,Seeing Green (with Drake & Lil Wayne),"6,299,936",Nicki Minaj,22161310,"['dance pop', 'hip pop', 'pop', 'pop rap', 'post-teen pop', 'queens hip hop']"
134,1,Dark Side,"6,277,641",Blind Channel,121225,"['eurovision', 'oulu metal', 'trancecore']"
137,1,SHUM,"6,237,019",Go_A,107553,['eurovision']
69,4,In the morning,"5,738,325",ITZY,2379448,['k-pop girl group']
27,2,l e t . g o . m y . h a n d (with Bas & 6LACK),"5,393,643",J. Cole,14097410,"['conscious hip hop', 'hip hop', 'north carolina hip hop', 'rap']"
2,12,What’s Next,"5,335,112",Drake,56308172,"['canadian hip hop', 'canadian pop', 'hip hop', 'pop rap', 'rap', 'toronto rap']"
154,4,Ramen & OJ,"5,282,702","Joyner Lucas, Lil Baby",1725025,"['boston hip hop', 'hip hop', 'pop rap', 'rap']"
91,9,Cloud 9,"5,252,767",Beach Bunny,618444,"['bubblegrunge', 'chicago indie', 'indie pop', 'pop']"
195,1,Tout l'univers,"5,174,437",Gjon's Tears,32257,[]
64,10,Headshot (feat. Polo G & Fivio Foreign),"5,174,298",Lil Tjay,3553442,"['brooklyn drill', 'melodic rap', 'nyc rap']"
198,1,Mask,"5,156,496",Dream,727731,['dream smp']
199,1,10 Years,"5,152,139",Daði Freyr,169137,"['icelandic pop', 'sunnlensk tonlist']"
127,2,Choker,"5,150,176",Twenty One Pilots,20823062,"['modern rock', 'rock']"
25,1,a p p l y i n g . p r e s s u r e,"15,967,986",J. Cole,14097410,"['conscious hip hop', 'hip hop', 'north carolina hip hop', 'rap']"
30,1,1 0 0 . m i l ‘ (with Bas),"15,171,655",J. Cole,14097410,"['conscious hip hop', 'hip hop', 'north carolina hip hop', 'rap']"
32,1,p u n c h i n ‘ . t h e . c l o c k,"14,051,831",J. Cole,14097410,"['conscious hip hop', 'hip hop', 'north carolina hip hop', 'rap']"
36,2,t h e . c l i m b . b a c k,"12,648,655",J. Cole,14097410,"['conscious hip hop', 'hip hop', 'north carolina hip hop', 'rap']"
48,1,h u n g e r . o n . h i l l s i d e (with Bas),"11,647,489",J. Cole,14097410,"['conscious hip hop', 'hip hop', 'north carolina hip hop', 'rap']"
55,1,c l o s e,"10,712,648",J. Cole,14097410,"['conscious hip hop', 'hip hop', 'north carolina hip hop', 'rap']"
34,3,WITHOUT YOU (with Miley Cyrus),"6,081,034",The Kid LAROI,2230022,['australian hip hop']
92,3,"Snow Tha Product: Bzrp Music Sessions, Vol. 39","5,595,839","Bizarrap, Snow Tha Product",3126961,"['argentine hip hop', 'pop venezolano', 'trap argentino', 'trap latino']"
87,10,Travesuras - Remix,"5,518,444","Nio Garcia, Casper Magico, Ozuna, Wisin & Yandel, Myke Towers, Flow La Movie",2123734,"['latin', 'reggaeton', 'trap latino']"
148,7,Bubblegum Bitch,"5,375,782",MARINA,2918229,"['dance pop', 'electropop', 'metropopolis', 'pop', 'post-teen pop', 'uk alternative pop']"
5,142,Falling,"5,294,368",Harry Styles,16112621,"['pop', 'post-teen pop']"
182,5,Explícito,"5,278,449",Myke Towers,6150675,['trap latino']
58,19,No Te Enamores - Remix,"5,218,146","Milly, Farruko, Nio Garcia, Jay Wheeler, Amenazzy",22718,"['reggaeton', 'reggaeton flow', 'trap latino']"
110,10,PROBLEMA,"5,215,973",Daddy Yankee,1250353,[]
5,31,Lonely (with benny blanco),"5,191,697",Justin Bieber,48504126,"['canadian pop', 'pop', 'post-teen pop']"
77,10,Cupid's Chokehold / Breakfast in America,"5,165,035",Gym Class Heroes,1275345,"['dance pop', 'pop rap']"
38,72,If the World Was Ending - feat. Julia Michaels,"5,127,736",JP Saxe,280585,"['alt z', 'canadian contemporary r&b', 'indie cafe pop', 'pop', 'pop rock', 'post-teen pop']"
47,2,"I DID IT (feat. Post Malone, Megan Thee Stallion, Lil Baby & DaBaby)","7,347,891",DJ Khaled,6278835,"['hip hop', 'miami hip hop', 'pop rap', 'rap', 'southern hip hop', 'trap']"
61,17,Body,"5,831,357","Russ Millions, Tion Wayne",323203,['london rap']
10,69,everything i wanted,"5,448,680",Billie Eilish,1250353,[]
169,1,What You Need,"5,346,005",Don Toliver,1605329,"['rap', 'trap']"
115,9,"L-Gante: Bzrp Music Sessions, Vol.38","5,290,877","Bizarrap, L-Gante",3126961,"['argentine hip hop', 'pop venezolano', 'trap argentino', 'trap latino']"
19,26,HOLIDAY,"5,264,232",Lil Nas X,5473565,"['lgbtq+ hip hop', 'pop rap']"
71,28,At My Worst,"5,258,000",Pink Sweat$,942628,"['bedroom soul', 'pop']"
3,70,Life Is Good (feat. Drake),"5,241,227",Future,10488292,"['atl hip hop', 'pop rap', 'rap', 'southern hip hop', 'trap']"
184,1,Extasy,"5,203,700","187 Strassenbande, Bonez MC, Frauenarzt",1223734,"['german hip hop', 'hamburg hip hop']"
7,44,Wishing Well,"5,125,706",Juice WRLD,19085118,"['chicago rap', 'melodic rap']"
164,11,Fan de Tus Fotos,"5,103,863","Nicky Jam, Romeo Santos",14826679,"['latin', 'latin hip hop', 'reggaeton', 'trap latino']"
82,12,Tapão Na Raba,"5,088,848",Raí Saia Rodada,1260752,['forro']
66,10,Machu Picchu,"5,062,404","Camilo, Evaluna Montaner",10561047,"['colombian pop', 'reggaeton colombiano']"
4,44,Come & Go (with Marshmello),"5,037,124",Juice WRLD,19085118,"['chicago rap', 'melodic rap']"
71,72,Robbery,"5,024,884",Juice WRLD,19085118,"['chicago rap', 'melodic rap']"
199,1,Paradigmas,"5,018,076",Jorge & Mateus,15013645,"['sertanejo', 'sertanejo universitario']"
53,12,SugarCrash!,"5,018,005",ElyOtto,85617,['weirdcore']
72,1,durag activity (with Travis Scott),"7,939,784",Baby Keem,279741,"['hip hop', 'rap', 'trap', 'underground hip hop']"
113,1,love race (feat. Kellin Quinn),"6,325,080",Machine Gun Kelly,3864419,"['ohio hip hop', 'pop rap']"
7,40,POPSTAR (feat. Drake),"6,127,103",DJ Khaled,6278835,"['hip hop', 'miami hip hop', 'pop rap', 'rap', 'southern hip hop', 'trap']"
122,1,LET IT GO (feat. Justin Bieber & 21 Savage),"6,083,338",DJ Khaled,6278835,"['hip hop', 'miami hip hop', 'pop rap', 'rap', 'southern hip hop', 'trap']"
137,1,Girl From Rio,"5,768,836",Anitta,10740222,"['funk carioca', 'funk pop', 'pagode baiano', 'pop nacional']"
10,8,On The Ground,"5,655,879",ROSÉ,1094731,[]
20,5,Mr. Perfectly Fine (Taylor’s Version) (From The Vault),"5,480,722",Taylor Swift,42227614,"['pop', 'post-teen pop']"
42,60,when the party's over,"5,467,596",Billie Eilish,1250353,[]
63,4,Otra Noche Sin Ti,"5,377,794","J Balvin, Khalid",29051363,"['latin', 'reggaeton', 'reggaeton colombiano']"
33,5,Met Him Last Night (feat. Ariana Grande),"5,200,695",Demi Lovato,20331923,"['dance pop', 'pop', 'post-teen pop']"
100,11,Back In Blood (feat. Lil Durk),"5,198,209",Pooh Shiesty,423237,"['memphis hip hop', 'rap', 'southern hip hop', 'tennessee hip hop', 'trap']"
94,5,Run It Up (feat. Offset & Moneybagg Yo),"5,107,084",Lil Tjay,3553442,"['brooklyn drill', 'melodic rap', 'nyc rap']"
37,31,Mi Niña,"5,026,961","Wisin, Myke Towers, Los Legendarios",6929075,"['latin', 'latin hip hop', 'reggaeton', 'trap latino']"
9,6,As I Am (feat. Khalid),"5,896,065",Justin Bieber,48544923,"['canadian pop', 'pop', 'post-teen pop']"
150,1,Come Through (feat. Chris Brown),"5,531,998",H.E.R.,4138951,"['alternative r&b', 'dance pop', 'pop', 'r&b']"
33,24,Goosebumps,"5,496,962",HVME,17719446,"['rap', 'slap house']"
18,33,Put Your Records On,"5,181,180",Ritt Momney,100463,['bedroom pop']
137,13,Facas - Ao Vivo,"5,141,640","Diego & Victor Hugo, Bruno & Marrone",1585593,"['sertanejo', 'sertanejo pop', 'sertanejo universitario']"
62,28,Train Wreck,"5,081,800",James Arthur,8446147,"['pop', 'post-teen pop', 'talent show', 'uk pop']"
7,23,Monster (Shawn Mendes & Justin Bieber),"5,069,268",Shawn Mendes,33893352,"['canadian pop', 'dance pop', 'pop', 'post-teen pop', 'viral pop']"
6,53,In Your Eyes,"5,054,319",The Weeknd,35340069,"['canadian contemporary r&b', 'canadian pop', 'pop']"
101,68,SAD!,"5,051,338",XXXTENTACION,29566516,"['emo rap', 'miami hip hop']"
193,1,Good Without,"4,998,044",Mimi Webb,130801,"['alt z', 'indie cafe pop', 'pop', 'uk pop']"
19,66,hot girl bummer,"4,992,396",blackbear,4270131,"['electropop', 'pop', 'pop rap']"
197,1,When I Was Your Man,"4,945,935",Bruno Mars,32603394,"['dance pop', 'pop', 'post-teen pop']"
73,11,LOCATION,"4,940,701","KAROL G, Anuel AA, J Balvin",1250353,[]
177,7,Stressed Out,"4,913,147",Twenty One Pilots,20823062,"['modern rock', 'rock']"
72,1,Ski,"7,753,784","Young Stoner Life, Young Thug, Gunna",61930,"['rap', 'trap']"
75,1,Diamonds Dancing (feat. Travis Scott),"7,515,766","Young Stoner Life, Young Thug, Gunna",61930,"['rap', 'trap']"
8,5,Love Story (Taylor’s Version),"6,202,933",Taylor Swift,42227614,"['pop', 'post-teen pop']"
107,14,"Ele É Ele, Eu Sou Eu","5,380,517","Wesley Safadão, Os Barões Da Pisadinha",9907270,['forro']
186,1,Quero Ver é Me Esquecer (feat. Jorge) - Ao Vivo,"5,159,208",Os Barões Da Pisadinha,4271775,"['forro', 'piseiro']"
3,19,willow,"5,016,865",Taylor Swift,42227614,"['pop', 'post-teen pop']"
104,16,Why'd You Only Call Me When You're High?,"4,976,405",Arctic Monkeys,12375514,"['garage rock', 'permanent wave', 'rock', 'sheffield indie']"
18,18,Afterglow,"4,965,330",Ed Sheeran,1250353,[]
43,29,LA CANCIÓN,"4,959,754","J Balvin, Bad Bunny",29051363,"['latin', 'reggaeton', 'reggaeton colombiano']"
52,1,You Belong With Me (Taylor’s Version),"9,872,084",Taylor Swift,42227614,"['pop', 'post-teen pop']"
54,1,Fearless (Taylor’s Version),"9,676,024",Taylor Swift,42227614,"['pop', 'post-teen pop']"
68,1,X Gon' Give It To Ya,"8,638,360",DMX,2815928,"['east coast hip hop', 'gangster rap', 'hardcore hip hop', 'hip hop', 'pop rap', 'rap']"
80,1,Fifteen (Taylor’s Version),"7,852,063",Taylor Swift,42227614,"['pop', 'post-teen pop']"
84,1,The Way I Loved You (Taylor’s Version),"7,736,262",Taylor Swift,42227614,"['pop', 'post-teen pop']"
51,3,You All Over Me (feat. Maren Morris) (Taylor’s Version) (From The Vault),"7,712,896",Taylor Swift,42227614,"['pop', 'post-teen pop']"
93,1,Hey Stephen (Taylor’s Version),"7,385,864",Taylor Swift,42227614,"['pop', 'post-teen pop']"
102,1,White Horse (Taylor’s Version),"7,039,222",Taylor Swift,42227614,"['pop', 'post-teen pop']"
114,1,Forever & Always (Taylor’s Version),"6,566,059",Taylor Swift,42227614,"['pop', 'post-teen pop']"
119,1,Breathe (feat. Colbie Caillat) (Taylor’s Version),"6,508,683",Taylor Swift,42227614,"['pop', 'post-teen pop']"
139,1,Ruff Ryders' Anthem,"5,988,511",DMX,2815928,"['east coast hip hop', 'gangster rap', 'hardcore hip hop', 'hip hop', 'pop rap', 'rap']"
146,1,That’s When (feat. Keith Urban) (Taylor’s Version) (From The Vault),"5,889,939",Taylor Swift,42227614,"['pop', 'post-teen pop']"
147,1,Tell Me Why (Taylor’s Version),"5,885,151",Taylor Swift,42227614,"['pop', 'post-teen pop']"
148,1,You’re Not Sorry (Taylor’s Version),"5,860,405",Taylor Swift,42227614,"['pop', 'post-teen pop']"
40,25,Chica Ideal,"5,217,052","Sebastian Yatra, Guaynaa",1250353,[]
15,32,Relación - Remix,"5,206,614","Sech, Daddy Yankee, J Balvin, ROSALÍA, Farruko",8758283,"['latin', 'panamanian pop', 'reggaeton', 'trap latino']"
192,1,Don’t You (Taylor’s Version) (From The Vault),"5,197,564",Taylor Swift,42227614,"['pop', 'post-teen pop']"
195,1,We Were Happy (Taylor’s Version) (From The Vault),"5,189,423",Taylor Swift,42227614,"['pop', 'post-teen pop']"
153,2,WACHA,"5,172,999","KHEA, Duki",3198705,"['argentine hip hop', 'trap argentino', 'trap latino', 'trap triste']"
132,1,Dancing With The Devil,"5,836,326",Demi Lovato,20338833,"['dance pop', 'pop', 'post-teen pop']"
26,4,Gone,"5,427,638",ROSÉ,1099480,[]
160,3,What Other People Say,"5,413,003","Sam Fischer, Demi Lovato",122746,"['alt z', 'australian pop', 'dance pop', 'indie cafe pop', 'pop', 'post-teen pop', 'uk pop']"
88,31,Hello (feat. A Boogie Wit da Hoodie),"5,323,062",Pop Smoke,6852509,['brooklyn drill']
91,12,Hasta Abajo,"5,269,163","Kevin Roldan, Bryant Myers, Lyanno",4026643,"['latin', 'latin hip hop', 'reggaeton', 'reggaeton colombiano', 'reggaeton flow', 'trap latino']"
30,37,Take You Dancing,"5,176,493",Jason Derulo,9778632,"['dance pop', 'pop', 'pop rap', 'post-teen pop']"
28,3,Unstable (feat. The Kid LAROI),"5,137,645",Justin Bieber,48544923,"['canadian pop', 'pop', 'post-teen pop']"
2,48,Stuck with U (with Justin Bieber),"5,094,660",Ariana Grande,67208170,"['dance pop', 'pop', 'post-teen pop']"
120,15,Hayloft,"5,086,382",Mother Mother,2110870,"['indie pop', 'vancouver indie']"
191,1,Esquema Preferido (feat. Tarcísio do Acordeon),"5,078,174",DJ Ivis,342930,['piseiro']
75,5,Además de Mí - Remix,"5,060,336","Rusherking, KHEA, Duki, Maria Becerra, LIT killah, Tiago PZK",301217,"['trap argentino', 'trap latino', 'trap triste']"
193,3,Payphone,"5,052,717","Maroon 5, Wiz Khalifa",32279979,"['pop', 'pop rock']"
50,3,Ghost,"5,013,450",Justin Bieber,48544923,"['canadian pop', 'pop', 'post-teen pop']"
37,3,Off My Face,"5,004,111",Justin Bieber,48544923,"['canadian pop', 'pop', 'post-teen pop']"
140,13,"Whats Poppin (feat. DaBaby, Tory Lanez & Lil Wayne) [Remix] - Bonus Track","4,972,518",Jack Harlow,1053324,"['deep underground hip hop', 'kentucky hip hop', 'pop rap', 'rap']"
188,3,Take on Me,"4,969,662",a-ha,1560784,"['new romantic', 'new wave', 'new wave pop', 'permanent wave', 'soft rock', 'synthpop']"
45,18,BEBÉ,"4,967,348","Camilo, El Alfa",10580764,"['colombian pop', 'reggaeton colombiano']"
118,1,Richer (feat. Polo G),"6,292,362",Rod Wave, , 
128,2,Tu Veneno,"6,007,541",J Balvin,29067437,"['latin', 'reggaeton', 'reggaeton colombiano']"
49,2,Deserve You,"5,837,372",Justin Bieber,48544923,"['canadian pop', 'pop', 'post-teen pop']"
44,2,2 Much,"5,794,583",Justin Bieber,48544923,"['canadian pop', 'pop', 'post-teen pop']"
3,66,Tusa,"5,510,113","KAROL G, Nicki Minaj",17792779,"['latin', 'reggaeton', 'reggaeton colombiano']"
34,29,Una Locura,"5,466,954","Ozuna, J Balvin, Chencho Corleone",29238936,"['latin', 'puerto rican pop', 'reggaeton', 'trap latino']"
61,2,Loved By You (feat. Burna Boy),"5,419,040",Justin Bieber,48544923,"['canadian pop', 'pop', 'post-teen pop']"
181,1,Girls Like Us,"5,410,730",Zoe Wees,203555,['german pop']
17,4,Lemon Pepper Freestyle (feat. Rick Ross),"5,365,747",Drake,56327031,"['canadian hip hop', 'canadian pop', 'hip hop', 'pop rap', 'rap', 'toronto rap']"
97,9,Esquema Preferido,"5,356,696","DJ Ivis, Tarcísio do Acordeon",342930,['piseiro']
105,14,Love Not War (The Tampa Beat),"5,326,719","Jason Derulo, Nuka",9778632,"['dance pop', 'pop', 'pop rap', 'post-teen pop']"
57,2,Die For You (feat. Dominic Fike),"5,323,412",Justin Bieber,48544923,"['canadian pop', 'pop', 'post-teen pop']"
64,12,Starboy,"5,302,285","The Weeknd, Daft Punk",35340069,"['canadian contemporary r&b', 'canadian pop', 'pop']"
22,29,La Tóxica,"5,255,393",Farruko,10510156,"['latin', 'latin hip hop', 'reggaeton', 'trap latino']"
181,3,Coração Na Cama - Ao Vivo,"5,211,351",Hugo & Guilherme,435936,['sertanejo pop']
60,1,Love You Different (feat. BEAM),"10,024,729",Justin Bieber,48544923,"['canadian pop', 'pop', 'post-teen pop']"
74,1,Somebody,"8,912,458",Justin Bieber,48544923,"['canadian pop', 'pop', 'post-teen pop']"
152,1,White Dress,"5,796,978",Lana Del Rey,13697048,"['art pop', 'pop']"
82,18,Polvo,"5,528,508","Nicky Jam, Myke Towers",14831925,"['latin', 'latin hip hop', 'reggaeton', 'trap latino']"
138,2,Chemtrails Over The Country Club,"5,418,816",Lana Del Rey,13697048,"['art pop', 'pop']"
37,31,Parce (feat. Justin Quiles),"5,312,876","Maluma, Lenny Tavárez",26769304,"['latin', 'reggaeton', 'reggaeton colombiano']"
40,9,Ropa Cara,"5,249,427",Camilo,10580764,"['colombian pop', 'reggaeton colombiano']"
25,26,Vida de Rico,"5,189,822",Camilo,10580764,"['colombian pop', 'reggaeton colombiano']"
182,3,Devil Eyes,"5,098,581",Hippie Sabotage,713486,"['edm', 'electronic trap']"
141,13,Ponte Pa' Mi,"5,082,870",Justin Quiles,2897862,"['latin', 'reggaeton', 'trap latino']"
109,1,Dámelo To’ (feat. Myke Towers),"6,426,522",Selena Gomez,28931149,"['dance pop', 'pop', 'post-teen pop']"
121,1,Patience (feat. YUNGBLUD & Polo G),"6,155,698",KSI,2010879,['uk hip hop']
56,2,Selfish Love (with Selena Gomez),"6,020,785",DJ Snake,7408249,"['dance pop', 'edm', 'electronic trap', 'pop', 'pop dance']"
12,14,Snowman,"5,454,807",Sia,20528724,"['australian dance', 'australian pop', 'dance pop', 'pop']"
168,1,DAYWALKER! (feat. CORPSE),"5,439,646",Machine Gun Kelly,3868320,"['ohio hip hop', 'pop rap']"
19,38,La Curiosidad,"5,198,514","Jay Wheeler, DJ Nelson, Myke Towers",1650912,"['latin', 'reggaeton', 'trap latino']"
86,12,All We Got (feat. KIDDO),"5,156,937",Robin Schulz,2786366,"['dance pop', 'deep euro house', 'deep house', 'edm', 'german dance', 'pop', 'pop dance', 'tropical house']"
6,60,Say So,"5,103,528",Doja Cat,8671649,"['dance pop', 'pop']"
157,9,Hope,"5,085,527",XXXTENTACION,29566516,"['emo rap', 'miami hip hop']"
149,46,The Less I Know The Better,"5,084,635",Tame Impala,5064200,"['australian psych', 'neo-psychedelic']"